{
  "qd_score": 215609032704.0,
  "max_fitness": 1293.3077392578125,
  "coverage": 62.519996643066406
}