{
  "qd_score": 10009235.0,
  "max_fitness": 1293.3077392578125,
  "coverage": 27.96999740600586
}