{
  "qd_score": 10086046.0,
  "max_fitness": 1211.9254150390625,
  "coverage": 28.099998474121094
}