{
  "qd_score": 10051325.0,
  "max_fitness": 1236.5870361328125,
  "coverage": 27.98999786376953
}