{
  "qd_score": 20055476.0,
  "max_fitness": 1533.7042236328125,
  "coverage": 54.28999710083008
}