{
  "qd_score": 10065304.0,
  "max_fitness": 1271.1776123046875,
  "coverage": 27.89999771118164
}