{
  "qd_score": 215691984896.0,
  "max_fitness": 1271.1776123046875,
  "coverage": 62.26000213623047
}