{
  "qd_score": 10302342.0,
  "max_fitness": 719.46142578125,
  "coverage": 29.729997634887695
}