{
  "qd_score": 175602532352.0,
  "max_fitness": 719.46142578125,
  "coverage": 52.20000076293945
}