{
  "qd_score": 10301186.0,
  "max_fitness": 729.1002197265625,
  "coverage": 29.69999885559082
}