{
  "qd_score": 176537206784.0,
  "max_fitness": 729.1002197265625,
  "coverage": 52.45000076293945
}