{
  "qd_score": 10409826.0,
  "max_fitness": 720.0240478515625,
  "coverage": 29.94999885559082
}