{
  "qd_score": 10379439.0,
  "max_fitness": 714.8046264648438,
  "coverage": 29.8700008392334
}