{
  "qd_score": 15549281.0,
  "max_fitness": 1592.05029296875,
  "coverage": 41.88999938964844
}