{
  "qd_score": 19732652.0,
  "max_fitness": 1592.05029296875,
  "coverage": 53.21999740600586
}