{
  "qd_score": 176313827328.0,
  "max_fitness": 751.8870239257812,
  "coverage": 52.429996490478516
}