{
  "qd_score": 10190192.0,
  "max_fitness": 751.8870239257812,
  "coverage": 29.399999618530273
}