{
  "qd_score": 14668193.0,
  "max_fitness": 1524.2186279296875,
  "coverage": 39.72999572753906
}