{
  "qd_score": 18965110.0,
  "max_fitness": 1524.2186279296875,
  "coverage": 51.41999816894531
}