{
  "qd_score": 811687.5,
  "max_fitness": 314.4459228515625,
  "coverage": 2.4600000381469727
}