{
  "qd_score": 11423157.0,
  "max_fitness": 1574.067626953125,
  "coverage": 29.709997177124023
}