{
  "iterative": {
    "tested_indices": [
      3131,
      9089,
      9990,
      9709,
      886,
      4113
    ],
    "tested_fitnesses": [
      253.75669860839844,
      361.8437194824219,
      2.157634735107422,
      76.58558654785156,
      367.1047668457031,
      695.8154907226562
    ],
    "tested_behaviours": [
      [
        0.15000000596046448,
        0.3499999940395355,
        0.3499999940395355,
        0.15000000596046448
      ],
      [
        0.05000000074505806,
        0.949999988079071,
        0.8500000238418579,
        0.949999988079071
      ],
      [
        0.949999988079071,
        0.949999988079071,
        0.949999988079071,
        0.05000000074505806
      ],
      [
        0.75,
        0.949999988079071,
        0.05000000074505806,
        0.949999988079071
      ],
      [
        0.8500000238418579,
        0.05000000074505806,
        0.8500000238418579,
        0.6499999761581421
      ],
      [
        0.15000000596046448,
        0.45000001788139343,
        0.15000000596046448,
        0.3499999940395355
      ]
    ]
  },
  "global": {
    "adaptation_time": 70.80447554588318,
    "adaptation_steps": 5,
    "best_real_index": 2143,
    "best_real_behaviour": [
      0.14000000059604645,
      0.2770000100135803,
      0.42500001192092896,
      0.33500000834465027
    ],
    "best_real_fitness": 1197.42041015625,
    "top_k_real_fitness_index": [
      2143,
      2021,
      4031,
      4122,
      2032,
      1022,
      4111,
      2134,
      3143,
      1122
    ],
    "best_tested_index": 4113,
    "best_tested_fitness": 695.8154907226562,
    "best_recovered_behaviour": [
      0.164000004529953,
      0.4020000100135803,
      0.1940000057220459,
      0.3140000104904175
    ]
  }
}
