{
  "qd_score": 9941131.0,
  "max_fitness": 1224.3602294921875,
  "coverage": 27.87999725341797
}