{
  "qd_score": 10022305.0,
  "max_fitness": 1208.9222412109375,
  "coverage": 28.12999725341797
}