{
  "qd_score": 497121.78125,
  "max_fitness": 235.56906127929688,
  "coverage": 1.5
}