{
  "qd_score": 237924270080.0,
  "max_fitness": 235.56906127929688,
  "coverage": 72.54999542236328
}