{
  "qd_score": 212758085632.0,
  "max_fitness": 1206.17626953125,
  "coverage": 61.839996337890625
}