{
  "qd_score": 9744520.0,
  "max_fitness": 1206.17626953125,
  "coverage": 27.329999923706055
}