{
  "qd_score": 19433828.0,
  "max_fitness": 1590.54296875,
  "coverage": 52.65999984741211
}