{
  "qd_score": 15309982.0,
  "max_fitness": 1590.54296875,
  "coverage": 41.47999954223633
}