{
  "qd_score": 796803.3125,
  "max_fitness": 339.8768615722656,
  "coverage": 2.4200000762939453
}