{
  "qd_score": 238342553600.0,
  "max_fitness": 339.8768615722656,
  "coverage": 72.75999450683594
}