{
  "qd_score": 600861.1875,
  "max_fitness": 328.9660949707031,
  "coverage": 1.809999942779541
}