{
  "qd_score": 557916.25,
  "max_fitness": 375.10198974609375,
  "coverage": 1.6799999475479126
}