{
  "qd_score": 15019760.0,
  "max_fitness": 1476.7391357421875,
  "coverage": 40.57999801635742
}