{
  "qd_score": 15142205.0,
  "max_fitness": 1520.225341796875,
  "coverage": 40.86000061035156
}