{
  "qd_score": 241352261632.0,
  "max_fitness": 450.01885986328125,
  "coverage": 73.43000030517578
}