{
  "qd_score": 753679.375,
  "max_fitness": 450.01885986328125,
  "coverage": 2.2699999809265137
}