{
  "qd_score": 15058986.0,
  "max_fitness": 1553.556884765625,
  "coverage": 40.79999923706055
}