{
  "qd_score": 14832247.0,
  "max_fitness": 1534.32568359375,
  "coverage": 40.209999084472656
}