{
  "qd_score": 10177205.0,
  "max_fitness": 704.1510009765625,
  "coverage": 29.299999237060547
}