{
  "qd_score": 10274759.0,
  "max_fitness": 704.9466552734375,
  "coverage": 29.559999465942383
}